<?xml version="1.0" encoding="UTF-8"?>
<project-private xmlns="http://www.netbeans.org/ns/project-private/1">
    <editor-bookmarks xmlns="http://www.netbeans.org/ns/editor-bookmarks/2" lastBookmarkId="0"/>
    <open-files xmlns="http://www.netbeans.org/ns/projectui-open-files/2">
        <group>
            <file>file:/C:/Users/Anson679/Documents/NetBeansProjects/Ajax_Cities/web/index.xhtml</file>
            <file>file:/C:/Users/Anson679/Documents/NetBeansProjects/Ajax_Cities/src/java/Ajax_Cities/web/CityBean.java</file>
            <file>file:/C:/Users/Anson679/Documents/NetBeansProjects/Ajax_Cities/web/WEB-INF/web.xml</file>
        </group>
    </open-files>
</project-private>
