<?xml version="1.0" encoding="UTF-8"?>
<project-private xmlns="http://www.netbeans.org/ns/project-private/1">
    <editor-bookmarks xmlns="http://www.netbeans.org/ns/editor-bookmarks/2" lastBookmarkId="0"/>
    <open-files xmlns="http://www.netbeans.org/ns/projectui-open-files/2">
        <group>
            <file>file:/C:/Users/Anson679/Documents/NetBeansProjects/myguessnumber/web/response.xhtml</file>
            <file>file:/C:/Users/Anson679/Documents/NetBeansProjects/myguessnumber/web/greeting.xhtml</file>
            <file>file:/C:/Users/Anson679/Documents/NetBeansProjects/myguessnumber/src/java/myguessnumber/web/UserNumberBean.java</file>
            <file>file:/C:/Users/Anson679/Documents/NetBeansProjects/myguessnumber/web/resources/css/default.css</file>
            <file>file:/C:/Users/Anson679/Documents/NetBeansProjects/myguessnumber/src/java/myguessnumber/web/UserInputLog.java</file>
        </group>
    </open-files>
</project-private>
