<?xml version="1.0" encoding="UTF-8"?>
<project-private xmlns="http://www.netbeans.org/ns/project-private/1">
    <editor-bookmarks xmlns="http://www.netbeans.org/ns/editor-bookmarks/2" lastBookmarkId="0"/>
    <open-files xmlns="http://www.netbeans.org/ns/projectui-open-files/2">
        <group>
            <file>file:/C:/Users/Anson679/Documents/NetBeansProjects/SimpleForum/src/java/simpleForum/web/SimpleForumServlet.java</file>
            <file>file:/C:/Users/Anson679/Documents/NetBeansProjects/SimpleForum/web/post.jsp</file>
            <file>file:/C:/Users/Anson679/Documents/NetBeansProjects/SimpleForum/web/register.jsp</file>
            <file>file:/C:/Users/Anson679/Documents/NetBeansProjects/SimpleForum/web/show.jsp</file>
            <file>file:/C:/Users/Anson679/Documents/NetBeansProjects/SimpleForum/web/WEB-INF/web.xml</file>
        </group>
    </open-files>
</project-private>
