<?xml version="1.0" encoding="UTF-8"?>
<project-private xmlns="http://www.netbeans.org/ns/project-private/1">
    <editor-bookmarks xmlns="http://www.netbeans.org/ns/editor-bookmarks/2" lastBookmarkId="0"/>
    <open-files xmlns="http://www.netbeans.org/ns/projectui-open-files/2">
        <group>
            <file>file:/C:/Users/Anson679/Documents/NetBeansProjects/myfirstcup/myfirstcup-war/web/greeting.jsp</file>
            <file>file:/C:/Users/Anson679/Documents/NetBeansProjects/myfirstcup/myfirstcup-war/src/java/myfirstcup/web/MyDukesBDayBean.java</file>
            <file>file:/C:/Users/Anson679/Documents/NetBeansProjects/myfirstcup/myfirstcup-war/src/java/myfirstcup/web/FirstcupTryoutServlet.java</file>
            <file>file:/C:/Users/Anson679/Documents/NetBeansProjects/myfirstcup/myfirstcup-war/web/response.jsp</file>
            <file>file:/C:/Users/Anson679/Documents/NetBeansProjects/myfirstcup/myfirstcup-war/src/java/myfirstcup/entitiy/FirstcupUser.java</file>
            <file>file:/C:/Users/Anson679/Documents/NetBeansProjects/myfirstcup/myfirstcup-war/src/java/myfirstcup/ejb/DukesBirthdayBean.java</file>
        </group>
    </open-files>
</project-private>
